{"cameraMode":{"drawMode":0,"name":"Shaded","section":"Shading Mode"},"sceneLighting":false,"audioPlay":false,"sceneViewState":{"m_AlwaysRefresh":false,"showFog":true,"showSkybox":true,"showFlares":true,"showImageEffects":true,"showParticleSystems":true,"showVisualEffectGraphs":true,"m_FxEnabled":true},"in2DMode":false,"pivot":{"x":0.6638458967208862,"y":-3.1792049407958986,"z":21.19675636291504},"rotation":{"x":0.2954467236995697,"y":0.02149268239736557,"z":-0.006654431577771902,"w":0.9551020860671997},"size":22.226551055908204,"orthographic":false}